{
  "is_rigid": true,
  "has_reflection": true,
  "euler_order": "xyz",
  "pivot_used": [
    58.92500799758185,
    57.77372148831299,
    14.72262377023776
  ],
  "mirror_axes": [
    -1.0,
    1.0,
    1.0
  ],
  "S_3x3": [
    [
      -1.0,
      0.0,
      0.0
    ],
    [
      0.0,
      1.0,
      0.0
    ],
    [
      0.0,
      0.0,
      1.0
    ]
  ],
  "R_3x3": [
    [
      -0.3144922725741161,
      0.809097407227838,
      -0.4964433463229795
    ],
    [
      0.7989152163546173,
      -0.0568453462429863,
      -0.5987512703014252
    ],
    [
      -0.5126685942870143,
      -0.5849187911391678,
      -0.6285228080221685
    ]
  ],
  "RS_3x3": [
    [
      0.3144922725741161,
      0.809097407227838,
      -0.4964433463229795
    ],
    [
      -0.7989152163546173,
      -0.0568453462429863,
      -0.5987512703014252
    ],
    [
      0.5126685942870143,
      -0.5849187911391678,
      -0.6285228080221685
    ]
  ],
  "det_RS": -1.0,
  "t_3": [
    46.07650322634412,
    106.03584834669662,
    67.86015175023459
  ],
  "compose_equation": "P = R · (S · (P0 - c0)) + (c0 + t)",
  "T_4x4": [
    [
      0.3144922725741161,
      0.809097407227838,
      -0.4964433463229795,
      67.55324203559455
    ],
    [
      -0.7989152163546173,
      -0.0568453462429863,
      -0.5987512703014252,
      33.47894776707133
    ],
    [
      0.5126685942870143,
      -0.5849187911391678,
      -0.6285228080221685,
      -53.49197430667776
    ],
    [
      0.0,
      0.0,
      0.0,
      1.0
    ]
  ],
  "T_inv_4x4": [
    [
      0.3144922725741164,
      -0.7989152163546172,
      0.512668594287014,
      32.92552346457281
    ],
    [
      0.8090974072278381,
      -0.05684534624298647,
      -0.5849187911391673,
      -84.04249155027348
    ],
    [
      -0.49644334632297965,
      -0.598751270301425,
      -0.6285228080221686,
      19.960994137122945
    ],
    [
      0.0,
      0.0,
      0.0,
      1.0
    ]
  ]
}