{
  "source_model": "Coração_Abhi.vtp",
  "target_model": "Patient7_Filipe.alg",
  "is_rigid": true,
  "has_reflection": true,
  "euler_order": "xyz",
  "pivot_used": [
    12.848504771237728,
    -48.26212685838364,
    -53.13752797999683
  ],
  "mirror_axes": [
    -1.0,
    1.0,
    1.0
  ],
  "S_3x3": [
    [
      -1.0,
      0.0,
      0.0
    ],
    [
      0.0,
      1.0,
      0.0
    ],
    [
      0.0,
      0.0,
      1.0
    ]
  ],
  "R_3x3": [
    [
      -0.4367770588755422,
      0.8130293343267039,
      -0.38497935316625514
    ],
    [
      0.7269190974479691,
      0.0668912521248671,
      -0.683457523299435
    ],
    [
      -0.5299192642332051,
      -0.5783674108328066,
      -0.6202231142750925
    ]
  ],
  "RS_3x3": [
    [
      0.4367770588755422,
      0.8130293343267039,
      -0.38497935316625514
    ],
    [
      -0.7269190974479691,
      0.0668912521248671,
      -0.683457523299435
    ],
    [
      0.5299192642332051,
      -0.5783674108328066,
      -0.6202231142750925
    ]
  ],
  "det_RS": -1.0000000000000004,
  "t_3": [
    47.0,
    109.0,
    68.0
  ],
  "compose_equation": "T = T_t · T_p · (R·S) · T_-p",
  "T_4x4": [
    [
      0.4367770588755422,
      0.8130293343267039,
      -0.38497935316625514,
      73.01824636857776
    ],
    [
      -0.7269190974479691,
      0.0668912521248671,
      -0.683457523299435,
      36.98876746178381
    ],
    [
      0.5299192642332051,
      -0.5783674108328066,
      -0.6202231142750925,
      -52.81656261586926
    ],
    [
      0.0,
      0.0,
      0.0,
      1.0
    ]
  ],
  "T_inv_4x4": [
    [
      0.4367770588755422,
      -0.7269190974479689,
      0.529919264233205,
      22.98366056664398
    ],
    [
      0.8130293343267037,
      0.06689125212486696,
      -0.5783674108328065,
      -92.38757977805138
    ],
    [
      -0.3849793531662551,
      -0.6834575232994349,
      -0.6202231142750924,
      20.632715704718965
    ],
    [
      0.0,
      0.0,
      0.0,
      1.0
    ]
  ]
}