{
  "is_rigid": true,
  "has_reflection": true,
  "euler_order": "xyz",
  "pivot_used": [
    58.73753571043857,
    52.85321846735857,
    21.410784021198353
  ],
  "mirror_axes": [
    -1.0,
    1.0,
    1.0
  ],
  "S_3x3": [
    [
      -1.0,
      0.0,
      0.0
    ],
    [
      0.0,
      1.0,
      0.0
    ],
    [
      0.0,
      0.0,
      1.0
    ]
  ],
  "R_3x3": [
    [
      -0.5612178621581453,
      0.46637694436377797,
      -0.6837595022817207
    ],
    [
      0.777167393009554,
      0.012786555792989606,
      -0.6291640066260038
    ],
    [
      -0.2846846578889954,
      -0.8844936685792941,
      -0.3696289975174666
    ]
  ],
  "RS_3x3": [
    [
      0.5612178621581453,
      0.46637694436377797,
      -0.6837595022817207
    ],
    [
      -0.777167393009554,
      0.012786555792989606,
      -0.6291640066260038
    ],
    [
      0.2846846578889954,
      -0.8844936685792941,
      -0.3696289975174666
    ]
  ],
  "det_RS": -0.9999999999999998,
  "t_3": [
    46.77973101957803,
    123.69793615189553,
    -13.805999999999997
  ],
  "compose_equation": "P = R · (S · (P0 - c0)) + (c0 + t)",
  "T_4x4": [
    [
      0.5612178621581453,
      0.46637694436377797,
      -0.6837595022817207,
      109.14675579805547
    ],
    [
      -0.777167393009554,
      0.012786555792989606,
      -0.6291640066260038,
      85.20942723564379
    ],
    [
      0.2846846578889954,
      -0.8844936685792941,
      -0.3696289975174666,
      -31.63797918703851
    ],
    [
      0.0,
      0.0,
      0.0,
      1.0
    ]
  ],
  "T_inv_4x4": [
    [
      0.5612178621581455,
      -0.7771673930095543,
      0.2846846578889955,
      13.973726755241952
    ],
    [
      0.466376944363778,
      0.01278655579298954,
      -0.8844936685792943,
      -79.97665782933286
    ],
    [
      -0.6837595022817208,
      -0.6291640066260038,
      -0.3696289975174667,
      116.54652153164398
    ],
    [
      0.0,
      0.0,
      0.0,
      1.0
    ]
  ]
}